Name,Dover,,,,,,,,,,,,,,,,,,,,,,,,,,,,,,,,,,,,,,,,,,,,,,,,,,,,,,,,,,,,,,,,,,,,,,,,,,,,,,,,,,,,,,,,,,,,,,,,,,,,
Year,1910,1911,1912,1913,1914,1915,1916,1917,1918,1919,1920,1921,1922,1923,1924,1925,1926,1927,1928,1929,1930,1931,1932,1933,1934,1935,1936,1937,1938,1939,1940,1941,1942,1943,1944,1945,1946,1947,1948,1949,1950,1951,1952,1953,1954,1955,1956,1957,1958,1959,1960,1961,1962,1963,1964,1965,1966,1967,1968,1969,1970,1971,1972,1973,1974,1975,1976,1977,1978,1979,1980,1981,1982,1983,1984,1985,1986,1987,1988,1989,1990,1991,1992,1993,1994,1995,1996,1997,1998,1999,2000,2001,2002,2003,2004,2005,2006,2007,2008,2009,2010
Catch,0,10,20,30,40,50,55.8,152.1,183.7,192.7,166.5,254.6,429.6,493.9,692.8,763.5,753.7,913.1,895.9,1020,951.8,820.2,784.1,728.6,769.3,884.9,981.6,1029.7,942.2,1395.7,1470.9,1499,1806.1,3837.8,1593,2354.9,2898.6,2443.9,3515.8,4922.4,6953.9,7643.1,8562.8,5077.1,5918.7,5612,5665.8,5180.5,5469,5160.5,6838.7,5622.5,6298.4,7356.6,6945.8,6500.5,6325.8,5036.7,6012.5,8941.9,10064.2,9410.5,13113.9,12658.3,11677.2,12788.1,13690,12727.3,14227.1,17862.9,14246.6,16313,20872,19950.3,19254.8,20543.2,17204.8,18331.4,18055.6,18827.9,15684,18196.6,16020.3,14305.5,9280.3,10461.3,12069,10063.3,7950.9,9023.7,8690.4,6864.4,6233.5,7016.6,6733.1,6892.3,5957.1,9264.1,11203.6,11731.5,10374.6
Abundance index,NA,NA,NA,NA,NA,NA,NA,NA,NA,NA,NA,NA,NA,NA,NA,NA,NA,NA,NA,NA,NA,NA,NA,NA,NA,NA,NA,NA,NA,NA,NA,NA,NA,NA,NA,NA,NA,NA,NA,NA,NA,NA,NA,NA,NA,NA,NA,NA,NA,NA,NA,NA,NA,NA,NA,NA,NA,NA,NA,NA,NA,NA,NA,NA,NA,NA,NA,NA,NA,NA,NA,NA,NA,NA,NA,NA,NA,NA,NA,NA,NA,NA,NA,NA,NA,NA,NA,NA,NA,NA,NA,NA,NA,293434.6,255788.7,253880.2,267902,299382.6,278502.9,252247.9,266347.5
Duration t,62,,,,,,,,,,,,,,,,,,,,,,,,,,,,,,,,,,,,,,,,,,,,,,,,,,,,,,,,,,,,,,,,,,,,,,,,,,,,,,,,,,,,,,,,,,,,,,,,,,,,
Average catch over time t,10611,,,,,,,,,,,,,,,,,,,,,,,,,,,,,,,,,,,,,,,,,,,,,,,,,,,,,,,,,,,,,,,,,,,,,,,,,,,,,,,,,,,,,,,,,,,,,,,,,,,,
Depletion over time t,0.54,,,,,,,,,,,,,,,,,,,,,,,,,,,,,,,,,,,,,,,,,,,,,,,,,,,,,,,,,,,,,,,,,,,,,,,,,,,,,,,,,,,,,,,,,,,,,,,,,,,,
M,0.101,,,,,,,,,,,,,,,,,,,,,,,,,,,,,,,,,,,,,,,,,,,,,,,,,,,,,,,,,,,,,,,,,,,,,,,,,,,,,,,,,,,,,,,,,,,,,,,,,,,,
FMSY/M,1.16,,,,,,,,,,,,,,,,,,,,,,,,,,,,,,,,,,,,,,,,,,,,,,,,,,,,,,,,,,,,,,,,,,,,,,,,,,,,,,,,,,,,,,,,,,,,,,,,,,,,
BMSY/B0,0.395,,,,,,,,,,,,,,,,,,,,,,,,,,,,,,,,,,,,,,,,,,,,,,,,,,,,,,,,,,,,,,,,,,,,,,,,,,,,,,,,,,,,,,,,,,,,,,,,,,,,
MSY,NA,,,,,,,,,,,,,,,,,,,,,,,,,,,,,,,,,,,,,,,,,,,,,,,,,,,,,,,,,,,,,,,,,,,,,,,,,,,,,,,,,,,,,,,,,,,,,,,,,,,,
BMSY,NA,,,,,,,,,,,,,,,,,,,,,,,,,,,,,,,,,,,,,,,,,,,,,,,,,,,,,,,,,,,,,,,,,,,,,,,,,,,,,,,,,,,,,,,,,,,,,,,,,,,,
Length at 50% maturity,35,,,,,,,,,,,,,,,,,,,,,,,,,,,,,,,,,,,,,,,,,,,,,,,,,,,,,,,,,,,,,,,,,,,,,,,,,,,,,,,,,,,,,,,,,,,,,,,,,,,,
Lenght at 95% maturity,39,,,,,,,,,,,,,,,,,,,,,,,,,,,,,,,,,,,,,,,,,,,,,,,,,,,,,,,,,,,,,,,,,,,,,,,,,,,,,,,,,,,,,,,,,,,,,,,,,,,,
Length at first capture,24,,,,,,,,,,,,,,,,,,,,,,,,,,,,,,,,,,,,,,,,,,,,,,,,,,,,,,,,,,,,,,,,,,,,,,,,,,,,,,,,,,,,,,,,,,,,,,,,,,,,
Length at full selection,40,,,,,,,,,,,,,,,,,,,,,,,,,,,,,,,,,,,,,,,,,,,,,,,,,,,,,,,,,,,,,,,,,,,,,,,,,,,,,,,,,,,,,,,,,,,,,,,,,,,,
CAA 1981,0,0,0,0,0.44962536,0.531658181,0.871106778,1.54405267,1.80662979,2.441535252,3.598751719,2.685729771,3.139995958,2.438724208,2.196167968,1.920386034,3.055062145,2.70697066,1.834924159,1.889008694,1.451121057,0.738291039,1.408455973,0.531296149,1.200620922,0.640000965,0.288772739,0.339024533,0.574534931,0.642222814,0.290635588,0.033368749,0,0.078133097,0,0,0,0,0.033368749,0,0.029887046,0,0,0,0,0,0,0,0,0,0,0,0,0,0,0,0,0,0,0,,,,,,,,,,,,,,,,,,,,,,,,,,,,,,,,,,,,,,,,,
CAA 1982,0,0,0,0.170780796,0,0.170780796,0.707844431,2.224341534,1.926625181,2.687022329,2.100671446,3.235090495,2.595026469,1.931575572,3.182105057,2.321230963,2.418778287,1.346888765,1.66250874,1.476662499,0.756553824,1.52583028,0.704561174,1.209221602,0.726384994,0.277802099,0,0.170780796,0,0,0.170780796,0.071073768,0,0,0,0,0,0,0,0.170780796,0,0,0,0,0,0,0,0,0,0,0,0,0,0,0,0,0,0,0,0,,,,,,,,,,,,,,,,,,,,,,,,,,,,,,,,,,,,,,,,,
CAA 1983,0,0,0,0.619535573,2.127591225,9.223495917,5.440445811,6.052550074,3.199037632,2.972578272,3.432720242,3.922381113,2.641138769,2.821176266,2.624421623,1.676964607,1.070208982,0.609222102,0.353152251,0.168228917,0.890796803,0.171646572,0.233561354,0.213725515,0.178159361,0,0,0,0,0,0,0.178159361,0.084453733,0,0,0,0,0.084453733,0,0,0,0,0,0,0,0,0,0,0,0,0,0,0,0,0,0,0,0,0,0,,,,,,,,,,,,,,,,,,,,,,,,,,,,,,,,,,,,,,,,,
CAA 1984,0,0,0,0,0.159444702,0.359309768,1.394794546,3.360897922,3.780414337,3.815482243,3.403768631,3.152690967,2.709635818,2.749124181,2.194672256,3.692993541,2.800073752,2.290089681,1.330305752,2.7270985,1.939952946,1.878204014,1.125646473,2.027216029,0.833588413,1.047894666,1.029879464,0.749850059,0.279864847,0.238472336,0.240610068,0.449697634,0.294827561,0.182969543,0.05149398,0.05149398,0,0,0.079066829,0.075175378,0,0.166708427,0,0,0,0,0,0,0,0.044875565,0,0,0,0,0,0,0,0,0,0.05149398,,,,,,,,,,,,,,,,,,,,,,,,,,,,,,,,,,,,,,,,,
CAA 1985,0,0,0,0.027755656,0.477166857,1.860670058,4.701812439,5.829990784,9.542209761,11.1001212,15.11649463,11.93359424,10.78026299,9.882954885,6.785512517,10.18713429,6.007632254,6.19863476,3.467412628,3.816893164,4.661547912,3.10332939,2.647512811,2.572308156,2.952595819,1.489302187,1.066221351,0.804761321,1.327459156,0.523030851,0.605655501,0.813468349,0.352559482,0.53202429,0.056405868,0.143089302,0.116100648,0.121979133,0,0.053492216,0.105396027,0.008086263,0.07782443,0.078890882,0.034020775,0,0,0,0,0.035600126,0,0,0,0,0.048203391,0,0,0,0,0,,,,,,,,,,,,,,,,,,,,,,,,,,,,,,,,,,,,,,,,,
CAA 1986,0,0,0.35648215,0.825515625,4.87929119,7.960620386,10.47512416,12.51059206,12.71759054,12.40835745,11.03959288,7.244390746,10.40801222,7.486642083,6.801534431,6.086889458,5.661117685,3.343588653,3.353140106,2.147317949,2.75103149,1.915188907,1.697299441,2.300203276,1.68743709,2.269765358,1.280121945,1.227133929,1.043482256,0.985220855,0.358087979,0.450903192,0.100890966,0.508651205,0.405638761,0.194669816,0.222596158,0.088865246,0.090508503,0.040120423,0.112439684,0,0,0,0,0.010645614,0,0,0,0,0,0,0,0,0,0,0,0,0,0.088504973,,,,,,,,,,,,,,,,,,,,,,,,,,,,,,,,,,,,,,,,,
CAA 1987,0,0,0.06060422,1.110280202,7.073953217,12.96008274,12.64299505,10.63391074,12.2891679,12.54476367,13.09124434,10.46443936,9.152517013,6.606066506,7.222157238,4.79859995,4.613449573,3.912336904,2.605716083,1.946831779,1.265061405,1.463817597,1.886480162,1.533418707,0.732413682,1.094405819,1.067522668,0.653160575,0.586164866,0.497835909,0.32882661,0.259669092,0.3864363,0.447270993,0.215014022,0.383948169,0.109532666,0.324753049,0.230422678,0.017924289,0,0.034455575,0.033465009,0.040382652,0,0,0,0,0,0,0,0,0,0,0,0,0,0,0,0,,,,,,,,,,,,,,,,,,,,,,,,,,,,,,,,,,,,,,,,,
CAA 1988,0,0,0,0.220614547,2.04358248,4.356201066,6.204882263,10.73313657,12.1444382,12.70567705,12.54952712,13.17220583,11.26280881,9.64917999,6.902212146,4.624035669,4.765831586,3.610968549,3.211905696,3.576599464,2.467208081,2.614988769,1.750384431,2.37373192,1.084730314,1.327565367,0.692646725,1.138966652,1.23851476,1.001650768,0.544878363,0.166490335,0.426433431,0.696392828,0.31168165,0.615891081,0.139140337,0.278177478,0.273628302,0.168712659,0.02498639,0,0.33330039,0.024752842,0.034754366,0,0,0.041394519,0,0,0,0,0,0,0,0,0,0,0,0,,,,,,,,,,,,,,,,,,,,,,,,,,,,,,,,,,,,,,,,,
CAA 1989,0,0.753061641,0.095872381,0.026922657,5.603707256,16.15778726,17.14489136,12.17734535,13.16316601,12.65125462,8.6345651,9.825355886,5.949401784,5.325070445,3.497199206,3.166536447,3.064680144,2.902887908,3.165191423,1.479693014,1.829497476,1.595044112,1.797944525,1.658042395,1.261778184,1.278833832,0.84062085,1.547344684,0.63714826,0.738911521,0.853241518,0.653016504,0.871076455,0.69243142,0.552473441,0.367738216,0.587423192,0.445039962,0.425080334,0.304910675,0.081516237,0.099742823,0.146614067,0.135491074,0.1479964,0.100690245,0.116706722,0.08180704,0.010166614,0,0.03675598,0,0,0,0,0,0,0,0,0.033297125,,,,,,,,,,,,,,,,,,,,,,,,,,,,,,,,,,,,,,,,,
CAA 1990,0,0.201559462,0,0.900408392,7.516750829,13.30677342,16.02578842,16.08846788,14.07475263,13.84681821,7.641240209,8.826368045,8.209616011,4.768333989,5.026203475,5.659540607,2.968800598,3.078195107,2.317103694,2.519199884,3.220597264,1.207250677,2.440202632,1.882451984,1.243486585,1.3326495,1.431661264,0.999562468,0.740755224,0.875535047,0.981380117,0.528973001,0.843691224,0.308786015,0.230639014,0.368280364,0.340091238,0.277472715,0.23671866,0.204355803,0.471779072,0.264878144,0.163370959,0,0.025055011,0.132077031,0,0,0.112772613,0,0,0,0,0,0,0,0,0,0,0.092334491,,,,,,,,,,,,,,,,,,,,,,,,,,,,,,,,,,,,,,,,,
CAA 1991,0,0,0,0.534332491,2.497082004,7.219145348,8.05703473,16.18168035,16.61539892,13.96036621,10.89649678,12.0789859,7.287047277,6.776427562,5.171212392,3.942183984,3.795275229,2.631504315,2.201010698,1.849448143,1.50168845,2.543396441,0.61842714,0.963477829,0.349776556,0.825607938,0.619553068,1.257412073,0.214930496,0.432445953,0.249737621,0.118963774,0.220142992,0.083324535,0.194105762,0.10840527,0.171464267,0.022234984,0.132380869,0.40063696,0.116903799,0,0.053780913,0.043818262,0.021215706,0,0.040426407,0,0,0,0,0,0,0,0,0,0,0,0,0,,,,,,,,,,,,,,,,,,,,,,,,,,,,,,,,,,,,,,,,,
CAA 1992,0,0,0,0.257336326,4.284931465,10.94530471,17.85411626,19.40703736,19.60285101,18.43208373,11.67112954,11.24097552,8.942112622,5.506561991,6.590699389,4.849174454,2.831252379,3.011409016,1.931338713,2.20063043,2.195349665,1.95368787,1.268677246,0.818053384,1.188422005,0.796930502,0.574776807,0.657530531,0.515695803,0.344549286,0.083986912,0.247513667,0.186320993,0.329234728,0.107368076,0.098587674,0.094687464,0.308792095,0.077852458,0.049589934,0.071302893,0.139637252,0.022423822,0.031657885,0,0,0,0.022423822,0,0,0,0,0,0,0,0,0,0,0,0,,,,,,,,,,,,,,,,,,,,,,,,,,,,,,,,,,,,,,,,,
CAA 1993,0,0,0,1.287394574,6.242859191,11.32657998,12.12083946,17.04642082,14.91640471,13.54532772,11.63486399,10.15925398,8.272985781,6.905400411,7.211698839,6.397047077,3.712790367,3.918319593,2.509456844,2.158424982,1.912384736,2.371045646,1.839744921,1.555529544,1.478007721,1.952623153,0.536635573,0.956121957,0.558953,0.703550072,0.86271995,0.553712737,0.440832157,0.612454382,0.345615507,0.229267909,0.170473847,0.056905054,0.428902818,0.138834138,0.049110521,0,0.185610485,0,0,0,0,0,0,0.060368653,0,0,0,0,0,0,0,0,0,0,,,,,,,,,,,,,,,,,,,,,,,,,,,,,,,,,,,,,,,,,
CAA 1994,0,0,0,0.424482355,4.902842901,16.15687664,14.73633542,17.21012378,11.62853991,12.38140807,7.124793075,7.15642095,5.341396539,5.855090697,2.814009298,2.309876161,1.687333121,2.792453359,1.868823245,1.05554564,2.54167121,1.685810692,0.869413033,0.794051311,0.399167509,1.08830923,0.495071479,0.634384703,0.480401042,0.531231151,0.30286548,0.206650112,0.214467816,0.098053099,0.371890442,0.034602256,0.244950746,0.316560861,0.066420752,0.051433633,0,0,0,0.021214527,0,0,0,0,0,0.086988521,0,0,0,0,0,0,0,0,0,0,,,,,,,,,,,,,,,,,,,,,,,,,,,,,,,,,,,,,,,,,
CAA 1995,0,0,0,0.524317945,1.421222554,8.847664727,16.24065055,14.98701796,13.66488427,13.8118265,9.897503559,9.197367431,6.625028844,5.418160153,4.468687329,3.357295401,2.218622405,3.619809155,2.670145284,2.750566088,2.519374465,1.971399394,1.180887181,0.880071605,1.867624933,1.429157339,1.317434865,0.551881483,1.184522973,0.449444173,0.545897513,0.243243478,0.284989677,0.475417892,0.292950106,0.382431624,0.285493035,0.295868773,0.039589608,0.1052706,0,0.132972602,0.229741052,0.04628771,0.045468137,0,0.134230335,0.037075235,0,0,0,0.028506987,0,0.037928209,0,0.053960583,0,0,0.053960583,0,,,,,,,,,,,,,,,,,,,,,,,,,,,,,,,,,,,,,,,,,
CAA 1996,0,0,0,0.235962036,1.308972743,6.528381421,11.41976741,17.75446735,17.15213866,17.32054503,13.59444953,10.21859015,7.077165429,5.41908017,3.566436461,3.857884692,1.586328919,2.636495204,2.016220795,3.000914438,1.712040418,2.247979328,1.215028133,1.59149456,1.49819454,1.662673958,1.015827032,0.899040526,1.360231865,0.472579688,0.43716328,0.98061406,0.199139643,0.343432111,0.261498688,0.46216267,0.493952779,0.679799711,0.01990784,0.299561572,0.264684277,0.097122204,0.114532502,0.017784762,0.036422077,0.111952656,0.01748573,0.135675093,0,0.060740432,0,0,0.01748573,0.048147195,0,0,0,0,0,0,,,,,,,,,,,,,,,,,,,,,,,,,,,,,,,,,,,,,,,,,
CAA 1997,0,0,0,0.061521968,3.760049476,13.20329128,7.032785032,11.40229816,10.8404142,12.91316707,10.18075175,7.233451766,4.807651114,15.82849339,13.35689762,14.17561524,7.449956665,5.003335918,2.749394667,7.969525142,4.401406161,1.273958153,1.985354482,2.834254585,2.315808492,1.134311619,1.592389746,0.6680099,0.78506331,2.752104177,0.070860647,1.265045207,0.08872108,0.152042196,0.0494055,0.817403471,0.211040009,0.137442183,0,0.007942495,0.136294771,0.040452387,0,0,0.334327096,0,0,0.05972194,0,0.007942495,0,0,0,0,0,0,0,0,0,0,,,,,,,,,,,,,,,,,,,,,,,,,,,,,,,,,,,,,,,,,
CAA 1998,0,0,0.529032062,0.812416693,3.739752614,13.26367249,20.20199325,20.48672152,32.89193261,27.39779784,21.32903036,13.34741396,8.181136994,7.584366626,5.904838252,4.345149443,2.651715952,4.312376685,2.892837125,2.01597081,1.621871795,2.354415814,1.702809164,0.789720489,1.184833655,0.762951975,0.925746504,0.959889868,0.849892359,0.594481895,1.631884188,0.493893779,0.181010883,0.30191865,0.110745771,0.610985436,0.336956985,0.037659902,0.145431004,0.064221564,0.102857534,0.046403691,0,0,0.177481948,0.02819008,0,0,0.02819008,0.02819008,0,0,0,0,0,0,0,0,0,0,,,,,,,,,,,,,,,,,,,,,,,,,,,,,,,,,,,,,,,,,
CAA 1999,0,0,2.69024466,2.440929271,5.783734002,11.27069427,14.49056112,14.21647769,20.81732499,29.70667764,29.69285381,17.60029129,14.21318404,9.491287561,8.668566563,5.63703453,4.958314341,3.90228814,3.885519934,3.176589677,3.194552418,2.434800688,1.324969093,0.875288387,3.403843476,0.7581851,0.511237528,0.981659894,0.220868465,0.745540696,1.50112544,0.035664946,0.162859397,0.111698038,0.147347726,0.060413132,0,0,0.419036177,0.113094148,0.239520514,0.101529292,0,0,0,0,0,0,0,0.039510643,0.062892286,0,0,0,0,0,0,0,0,0,,,,,,,,,,,,,,,,,,,,,,,,,,,,,,,,,,,,,,,,,
CAA 2000,0,0.031793913,0.690383366,1.186648753,2.714959556,6.72841705,12.47762665,14.68815915,22.57256537,18.51250011,16.14693597,18.28099428,13.10452462,7.369425732,5.348101097,5.704600992,3.868343428,3.838063467,2.187229982,2.925012028,5.013940262,2.977438591,1.80463802,1.664489663,1.552618964,1.320246801,0.734779687,1.118197409,0.937131239,0.883926609,1.141324929,0.323926175,0.649839761,0.451635523,0.438763351,1.196368486,0.199999835,0.565032306,0.48010049,0.101238366,0.456933081,0,0.035655778,0,0.073308091,0,0,0,0,0.064608586,0,0,0.064608586,0,0,0,0,0,0,0,,,,,,,,,,,,,,,,,,,,,,,,,,,,,,,,,,,,,,,,,
CAA 2001,0,0,0.093244379,3.663782099,4.223089868,3.479644235,9.67206384,15.7963297,14.91650488,18.32240246,14.81876297,14.87960082,14.45277046,8.866041432,7.93471316,4.951825408,5.783981506,3.061861442,2.399876817,3.499468079,3.972257811,2.479207675,2.336590699,1.425260583,2.065653768,4.734595745,1.396746946,1.399188402,0.366387024,0.733781045,0.93935921,0.348759105,4.53405209,0.14698709,0.23640825,1.063627304,0.533696962,0.017250709,0.050715456,0.354627724,0.063089026,0.357556676,0,0,0.480778583,0,0.309399861,0.104869236,0,0,0,0,0,0,0,0,0.406246739,0,0,0,,,,,,,,,,,,,,,,,,,,,,,,,,,,,,,,,,,,,,,,,
CAA 2002,0,0,0.574583872,2.358033183,6.045280204,8.848300924,10.41409477,10.5619889,15.17828845,15.48539115,12.51231695,26.57878525,7.966324595,15.53143862,11.24111271,7.711256158,5.891391436,4.703726435,3.293370698,3.298145904,2.826448735,3.269303117,2.757997872,2.46153516,1.526638469,1.522085246,2.493969343,0.619862448,0.838672737,0.542742165,2.584011437,0.430536836,0.737255567,0.490964013,1.022380592,0.682784364,0.2867428,0.066584986,0.217618787,0.052247663,0.392275183,0.092645554,0.067693266,0.065839554,0.018629469,0.184001416,2.481005364,0.056264428,0.023672081,0.041087998,0.060885795,0,0,0,0.012208292,0,0,0,0,0,,,,,,,,,,,,,,,,,,,,,,,,,,,,,,,,,,,,,,,,,
CAA 2003,0,0.177010584,1.668654031,2.82850723,5.825513039,8.903736436,14.20616129,17.62615845,16.97380083,17.5516669,11.8208476,14.6694451,11.24215793,8.513731375,8.35232172,4.546022714,3.461110133,2.743635679,1.751118678,1.805776434,1.61875231,2.247824974,1.00261233,1.400500159,0.83291348,0.704241304,0.426811955,0.398662097,0.544432719,1.001189526,0.697931432,1.05905315,0.171338356,0.283112792,0.28769359,0.142899807,0.284053642,0.04846522,0.140244888,0.132519021,0.028548017,0.229939686,0.068822058,1.436141497,0.035899547,0.019120744,0.032784944,0,0.032180335,0.065480577,0.069130808,0,0,0,0.003390723,0,0.052238467,0,0,0,,,,,,,,,,,,,,,,,,,,,,,,,,,,,,,,,,,,,,,,,
CAA 2004,0,0,0.109858686,1.265823064,2.98587513,7.179101187,13.85132891,11.59032026,17.051864,17.59483273,22.69098174,13.50651009,20.66310246,15.63430624,7.520076601,6.352703331,3.358942996,2.584436954,2.360193941,1.896278243,0.96976896,1.256151014,2.06160651,1.402508526,0.83469641,0.937662201,0.172834486,0.457159849,0.332333197,0.599599263,1.058035417,0.262870866,0.389130422,0.296615508,0.704749699,0.193428317,0.241002577,0.092549689,0,0.313873262,0.040330458,0.354984235,0,0.342048112,0.076165448,0,0,0,0,0.02409369,0,0,0,0,0,0,0,0,0,0,,,,,,,,,,,,,,,,,,,,,,,,,,,,,,,,,,,,,,,,,
CAA 2005,0,0.362613992,0.160472912,2.407294604,6.318494863,10.39410572,13.59113228,14.69246393,11.37608127,11.57891958,13.04384655,11.44382165,9.416621734,9.947511764,4.226243064,5.004836893,3.157347837,2.056629697,0.75713945,1.006749037,0.697721925,0.239808188,0.357342867,1.653807566,1.028205354,0.401335536,0.646067324,0.931754681,0.49218134,0.105701195,0.062657954,0.202106058,0.110236862,0.024060512,0.141766041,0.122218647,0.02816456,0.081883128,0.008037862,0.052748051,0,0.224527225,0.08785866,0.113387379,0,0.017631305,0,0,0,0,0,0,0,0,0,0,0,0,0,0,,,,,,,,,,,,,,,,,,,,,,,,,,,,,,,,,,,,,,,,,
CAA 2006,0,0.061270886,0.231304141,0.642483507,2.827282119,8.653703856,11.2331079,20.01626757,18.09223657,18.27839872,15.91570568,14.41521794,17.23943457,9.787138029,7.939553963,5.245792155,6.587549426,7.938550197,2.478482956,3.794513862,2.333324622,0.762869119,0.980827393,0.568591128,1.253748096,0.939081158,0.246257751,1.977946123,0.743859982,0.337985212,0.157306952,0.458202141,0.070320166,0.511911316,0.157306952,0.433606881,0.00291871,0.124694802,0.038692475,0.05263951,0.48730623,0.493903185,0.074581391,0,0,0,0,0.209355843,0.050705657,0.157306952,0.352677417,0,0,0,0.017646659,0,0,0,0,0,,,,,,,,,,,,,,,,,,,,,,,,,,,,,,,,,,,,,,,,,
CAA 2007,0,0,0.440770511,1.047191444,3.888885674,8.156410419,12.49196211,14.15834629,18.31362764,24.78462512,9.955914581,11.53764456,7.887580641,11.39453665,6.633975928,8.515427701,4.258394388,3.401847611,2.608121544,1.623036687,1.350009421,1.693546218,1.654534823,1.110633921,1.151039518,2.682515978,1.104993783,0.101414139,0.163211824,0.200677585,0.447582133,0.329533315,0.160241255,0.090941043,0.027576564,0,0.011983669,0,0.090941043,0,0.237747543,0,0,0,0,0.018700363,0,0.101414139,0.019963092,0.000366484,0,0,0,0,0,0,0,0,0,0,,,,,,,,,,,,,,,,,,,,,,,,,,,,,,,,,,,,,,,,,
CAA 2008,0,0.010499526,0.052729861,0.584471102,1.542405471,2.687874152,8.323970898,16.41289325,21.03009028,18.4284027,18.12231069,13.41122323,11.61857751,6.918720778,5.592102485,5.784175786,5.031905267,2.910966985,1.353409784,2.94133075,1.394465683,0.415105147,0.743632916,0.133673771,0.521559265,0.11426494,0.22071719,0.154912345,0.162216825,0.350969709,0.138132729,0.009194193,0.04446405,0.23966848,0.019895303,0,0.226145732,0,0.306754349,0.61585773,0.313143378,0,0,0,0.518504293,0,0,0,0.101280141,0,0,0,0,0,0,0,0,0,0,0,,,,,,,,,,,,,,,,,,,,,,,,,,,,,,,,,,,,,,,,,
CAA 2009,0.038666092,0.010037149,0.727048396,0.343854942,1.120497136,1.026373952,5.401094947,9.176537787,15.41039584,4.182752739,13.93377831,8.077191702,6.009523739,2.762393945,2.815738894,3.395900319,2.760011998,2.524381448,1.125664924,2.498215583,0.795511734,1.061426671,0.560689093,0.617550471,0.413932926,1.1871642,0.168845888,1.336956245,0.706566462,0.080205114,0.219342159,0.138848411,0.249565514,0.189954363,0,0.015310856,0.054430848,0.059843701,0.09314993,0.437884336,0.20957523,0.08909817,0.044263971,0.002077579,0,0,0,0,0,0,0,0.033268176,0,0,0,0.053486616,0,0,0,0,,,,,,,,,,,,,,,,,,,,,,,,,,,,,,,,,,,,,,,,,
CAA 2010,0.002507081,0.038510338,0.263806413,0.543104326,1.949153243,2.710626604,4.650388589,5.374787532,6.288930198,5.980776689,6.871055649,1.211726387,1.588008965,1.190287398,2.442663084,1.380376549,3.10044431,0.912972541,0.967110323,1.58578995,0.91112837,1.794114481,0.429195394,0.448647335,0.796016745,0.256626605,0,0.349962218,0.270279397,0.253903106,0.046431638,0.001882412,0.053000855,0.050920095,0.184940306,0.068050905,0,0.050337869,0.02114609,0.207684314,0,0.259755203,0,0,0,0,0,0.008275973,0.031000861,0,0,0,0,0,0,0,0,0,0,0,,,,,,,,,,,,,,,,,,,,,,,,,,,,,,,,,,,,,,,,,
Current stock depletion,0.55,,,,,,,,,,,,,,,,,,,,,,,,,,,,,,,,,,,,,,,,,,,,,,,,,,,,,,,,,,,,,,,,,,,,,,,,,,,,,,,,,,,,,,,,,,,,,,,,,,,,
Current stock abundance,10000,,,,,,,,,,,,,,,,,,,,,,,,,,,,,,,,,,,,,,,,,,,,,,,,,,,,,,,,,,,,,,,,,,,,,,,,,,,,,,,,,,,,,,,,,,,,,,,,,,,,
Von Bertalanffy K parameter,0.096,,,,,,,,,,,,,,,,,,,,,,,,,,,,,,,,,,,,,,,,,,,,,,,,,,,,,,,,,,,,,,,,,,,,,,,,,,,,,,,,,,,,,,,,,,,,,,,,,,,,
Von Bertalanffy Linf parameter,48,,,,,,,,,,,,,,,,,,,,,,,,,,,,,,,,,,,,,,,,,,,,,,,,,,,,,,,,,,,,,,,,,,,,,,,,,,,,,,,,,,,,,,,,,,,,,,,,,,,,
Von Bertalanffy t0 parameter,-0.45,,,,,,,,,,,,,,,,,,,,,,,,,,,,,,,,,,,,,,,,,,,,,,,,,,,,,,,,,,,,,,,,,,,,,,,,,,,,,,,,,,,,,,,,,,,,,,,,,,,,
Length-weight parameter a,0.0000028,,,,,,,,,,,,,,,,,,,,,,,,,,,,,,,,,,,,,,,,,,,,,,,,,,,,,,,,,,,,,,,,,,,,,,,,,,,,,,,,,,,,,,,,,,,,,,,,,,,,
Length-weight parameter b,3.345,,,,,,,,,,,,,,,,,,,,,,,,,,,,,,,,,,,,,,,,,,,,,,,,,,,,,,,,,,,,,,,,,,,,,,,,,,,,,,,,,,,,,,,,,,,,,,,,,,,,
Steepness,0.8,,,,,,,,,,,,,,,,,,,,,,,,,,,,,,,,,,,,,,,,,,,,,,,,,,,,,,,,,,,,,,,,,,,,,,,,,,,,,,,,,,,,,,,,,,,,,,,,,,,,
Maximum age,60,,,,,,,,,,,,,,,,,,,,,,,,,,,,,,,,,,,,,,,,,,,,,,,,,,,,,,,,,,,,,,,,,,,,,,,,,,,,,,,,,,,,,,,,,,,,,,,,,,,,
CV Catch,0.1,,,,,,,,,,,,,,,,,,,,,,,,,,,,,,,,,,,,,,,,,,,,,,,,,,,,,,,,,,,,,,,,,,,,,,,,,,,,,,,,,,,,,,,,,,,,,,,,,,,,
CV Depletion over time t,0.28,,,,,,,,,,,,,,,,,,,,,,,,,,,,,,,,,,,,,,,,,,,,,,,,,,,,,,,,,,,,,,,,,,,,,,,,,,,,,,,,,,,,,,,,,,,,,,,,,,,,
CV Average catch over time t,0.1,,,,,,,,,,,,,,,,,,,,,,,,,,,,,,,,,,,,,,,,,,,,,,,,,,,,,,,,,,,,,,,,,,,,,,,,,,,,,,,,,,,,,,,,,,,,,,,,,,,,
CV Abundance index,0.06,,,,,,,,,,,,,,,,,,,,,,,,,,,,,,,,,,,,,,,,,,,,,,,,,,,,,,,,,,,,,,,,,,,,,,,,,,,,,,,,,,,,,,,,,,,,,,,,,,,,
CV M,0.34,,,,,,,,,,,,,,,,,,,,,,,,,,,,,,,,,,,,,,,,,,,,,,,,,,,,,,,,,,,,,,,,,,,,,,,,,,,,,,,,,,,,,,,,,,,,,,,,,,,,
CV FMSY/M,1.54,,,,,,,,,,,,,,,,,,,,,,,,,,,,,,,,,,,,,,,,,,,,,,,,,,,,,,,,,,,,,,,,,,,,,,,,,,,,,,,,,,,,,,,,,,,,,,,,,,,,
CV BMSY/B0,0.119,,,,,,,,,,,,,,,,,,,,,,,,,,,,,,,,,,,,,,,,,,,,,,,,,,,,,,,,,,,,,,,,,,,,,,,,,,,,,,,,,,,,,,,,,,,,,,,,,,,,
CV current stock depletion,0.2,,,,,,,,,,,,,,,,,,,,,,,,,,,,,,,,,,,,,,,,,,,,,,,,,,,,,,,,,,,,,,,,,,,,,,,,,,,,,,,,,,,,,,,,,,,,,,,,,,,,
CV current stock abundance,0.2,,,,,,,,,,,,,,,,,,,,,,,,,,,,,,,,,,,,,,,,,,,,,,,,,,,,,,,,,,,,,,,,,,,,,,,,,,,,,,,,,,,,,,,,,,,,,,,,,,,,
CV von B. K parameter,0.1,,,,,,,,,,,,,,,,,,,,,,,,,,,,,,,,,,,,,,,,,,,,,,,,,,,,,,,,,,,,,,,,,,,,,,,,,,,,,,,,,,,,,,,,,,,,,,,,,,,,
CV von B. Linf parameter,0.05,,,,,,,,,,,,,,,,,,,,,,,,,,,,,,,,,,,,,,,,,,,,,,,,,,,,,,,,,,,,,,,,,,,,,,,,,,,,,,,,,,,,,,,,,,,,,,,,,,,,
CV von B. t0 parameter,0.1,,,,,,,,,,,,,,,,,,,,,,,,,,,,,,,,,,,,,,,,,,,,,,,,,,,,,,,,,,,,,,,,,,,,,,,,,,,,,,,,,,,,,,,,,,,,,,,,,,,,
CV Length at 50% maturity,0.2,,,,,,,,,,,,,,,,,,,,,,,,,,,,,,,,,,,,,,,,,,,,,,,,,,,,,,,,,,,,,,,,,,,,,,,,,,,,,,,,,,,,,,,,,,,,,,,,,,,,
CV Length at first capture,0.2,,,,,,,,,,,,,,,,,,,,,,,,,,,,,,,,,,,,,,,,,,,,,,,,,,,,,,,,,,,,,,,,,,,,,,,,,,,,,,,,,,,,,,,,,,,,,,,,,,,,
CV Length at full selection,0.2,,,,,,,,,,,,,,,,,,,,,,,,,,,,,,,,,,,,,,,,,,,,,,,,,,,,,,,,,,,,,,,,,,,,,,,,,,,,,,,,,,,,,,,,,,,,,,,,,,,,
CV Length-weight parameter a,0.1,,,,,,,,,,,,,,,,,,,,,,,,,,,,,,,,,,,,,,,,,,,,,,,,,,,,,,,,,,,,,,,,,,,,,,,,,,,,,,,,,,,,,,,,,,,,,,,,,,,,
CV Length-weight parameter b,0.1,,,,,,,,,,,,,,,,,,,,,,,,,,,,,,,,,,,,,,,,,,,,,,,,,,,,,,,,,,,,,,,,,,,,,,,,,,,,,,,,,,,,,,,,,,,,,,,,,,,,
CV Steepness,0.1,,,,,,,,,,,,,,,,,,,,,,,,,,,,,,,,,,,,,,,,,,,,,,,,,,,,,,,,,,,,,,,,,,,,,,,,,,,,,,,,,,,,,,,,,,,,,,,,,,,,
Sigma length composition,0.2,,,,,,,,,,,,,,,,,,,,,,,,,,,,,,,,,,,,,,,,,,,,,,,,,,,,,,,,,,,,,,,,,,,,,,,,,,,,,,,,,,,,,,,,,,,,,,,,,,,,
Units,thousand tonnes,,,,,,,,,,,,,,,,,,,,,,,,,,,,,,,,,,,,,,,,,,,,,,,,,,,,,,,,,,,,,,,,,,,,,,,,,,,,,,,,,,,,,,,,,,,,,,,,,,,,
Reference OFL,NA,,,,,,,,,,,,,,,,,,,,,,,,,,,,,,,,,,,,,,,,,,,,,,,,,,,,,,,,,,,,,,,,,,,,,,,,,,,,,,,,,,,,,,,,,,,,,,,,,,,,
Reference OFL type,NA,,,,,,,,,,,,,,,,,,,,,,,,,,,,,,,,,,,,,,,,,,,,,,,,,,,,,,,,,,,,,,,,,,,,,,,,,,,,,,,,,,,,,,,,,,,,,,,,,,,,
CAL_bins,0,8,10,12,14,16,18,20,22,24,26,28,30,32,34,36,38,40,42,44,46,48,50,52,54,56,58,60,,,,,,,,,,,,,,,,,,,,,,,,,,,,,,,,,,,,,,,,,,,,,,,,,,,,,,,,,,,,,,,,,,,,,,,,,
CAL 1966,0,0,0,0,0,0,0,0,0,0,0.034881527,0.130882809,0.445818387,2.678379925,7.214089525,9.280625731,10.90135616,9.983948566,7.083648989,5.189290227,3.163707596,2.046721293,1.423548174,0.844715256,0.77808761,0.582591659,0.239732711,0.222158702,,,,,,,,,,,,,,,,,,,,,,,,,,,,,,,,,,,,,,,,,,,,,,,,,,,,,,,,,,,,,,,,,,,,,,,,,
CAL 1967,0,0,0,0,0,0,0,0,0,0,0,0,0.266230938,2.305738566,11.82383778,21.83399824,29.25714891,24.135195,21.23236361,15.62552941,10.40066285,8.343607336,7.488834443,3.054916102,4.543182734,1.955603369,0.899690595,0.724648135,,,,,,,,,,,,,,,,,,,,,,,,,,,,,,,,,,,,,,,,,,,,,,,,,,,,,,,,,,,,,,,,,,,,,,,,,
CAL 1968,0,0,0,0,0,0,0,0,0,0,0,0,0.315887975,1.380210193,6.49947409,14.0818435,20.71249513,17.55593808,17.0101756,16.29097204,12.77722846,10.38440929,6.485149415,4.698341244,3.072091119,1.826188531,0.833640758,0.490779167,,,,,,,,,,,,,,,,,,,,,,,,,,,,,,,,,,,,,,,,,,,,,,,,,,,,,,,,,,,,,,,,,,,,,,,,,
CAL 1969,0,0,0,0,0,0,0,0,0,0,0,0.345409373,0.901415083,4.784475137,15.61372044,24.74326027,28.49969678,29.71024668,23.43074134,14.87713249,10.49820452,7.355880383,4.53381578,3.052832729,1.866907111,1.485502374,0.339822999,0.088896497,,,,,,,,,,,,,,,,,,,,,,,,,,,,,,,,,,,,,,,,,,,,,,,,,,,,,,,,,,,,,,,,,,,,,,,,,
CAL 1970,0,0,0,0.001543583,0.010012949,0.022571338,0.018660544,0.008574727,0.018470649,0.028906236,0.038358542,0.052506504,0.516660085,4.376097618,11.48144401,21.9243844,32.52105444,31.16959868,25.42672834,15.07016086,9.83346439,5.968358877,4.20868999,2.282930044,1.217422427,0.726001208,0.469985585,0.293536972,,,,,,,,,,,,,,,,,,,,,,,,,,,,,,,,,,,,,,,,,,,,,,,,,,,,,,,,,,,,,,,,,,,,,,,,,
CAL 1971,0,0,0,0,0,0,0,0,0,0,0,0,0.314048778,0.994175929,4.938653263,12.71886457,23.10737827,28.85509337,25.5698365,19.9892826,8.101030009,4.260816081,4.841039129,4.412875986,2.057799601,1.455298598,0.551278276,0.40663831,,,,,,,,,,,,,,,,,,,,,,,,,,,,,,,,,,,,,,,,,,,,,,,,,,,,,,,,,,,,,,,,,,,,,,,,,
CAL 1972,0,0,0,0,0,0,0,0,0,0,0,0.178264988,0.434236074,2.172328237,10.30105437,17.35003204,23.99904484,28.91893027,23.56754373,17.58385726,12.38170358,8.732241659,4.91783189,4.06070426,2.23956573,1.278150727,1.117256099,0.389114602,,,,,,,,,,,,,,,,,,,,,,,,,,,,,,,,,,,,,,,,,,,,,,,,,,,,,,,,,,,,,,,,,,,,,,,,,
CAL 1973,0,0,0,0,0,0,0,0,0,0,0,0.242382701,1.259637237,4.983020956,10.05753561,12.76062756,12.68765288,13.50553005,11.53631413,10.71726789,7.685936778,4.276681494,3.029937763,2.229850508,1.212976609,0.788003589,0.170150029,0.706251161,,,,,,,,,,,,,,,,,,,,,,,,,,,,,,,,,,,,,,,,,,,,,,,,,,,,,,,,,,,,,,,,,,,,,,,,,
CAL 1974,0,0,0,0,0,0,0,0,0,0,0.051147397,0.200539139,1.349707874,2.938333551,8.398746538,14.77340479,12.71221323,10.27498664,7.253023337,4.7694765,3.243723953,1.957662661,1.132920255,0.658471335,0.407714334,0.088758952,0.08353077,0.035163383,,,,,,,,,,,,,,,,,,,,,,,,,,,,,,,,,,,,,,,,,,,,,,,,,,,,,,,,,,,,,,,,,,,,,,,,,
CAL 1975,0,0,0,0,0,0,0,0,0,0,0,0,0.274165987,2.242223848,4.657334294,12.69350629,17.74322867,16.61703708,17.07899259,10.5568945,7.554312521,3.109646065,2.997207079,1.47116298,0.896198187,0.180341389,0.147233261,0,,,,,,,,,,,,,,,,,,,,,,,,,,,,,,,,,,,,,,,,,,,,,,,,,,,,,,,,,,,,,,,,,,,,,,,,,
CAL 1976,0,0,0,0,0,0,0,0,0,0,0,0.190581319,0.763062891,1.375437858,4.96158413,15.07547404,17.49859441,17.44266852,11.73076754,11.20476519,7.436109603,7.064303823,4.185060487,2.956225523,0.919030935,1.123749388,0.061242745,0,,,,,,,,,,,,,,,,,,,,,,,,,,,,,,,,,,,,,,,,,,,,,,,,,,,,,,,,,,,,,,,,,,,,,,,,,
CAL 1977,0,0,0,0,0,0,0,0,0,0,0,0.079707384,0.316367045,3.395791718,6.430483135,10.61099981,15.48228243,18.56847204,14.26715176,15.44445894,12.73559735,8.4143805,3.232350532,1.79396821,1.253402203,0.786337218,0.331455943,0,,,,,,,,,,,,,,,,,,,,,,,,,,,,,,,,,,,,,,,,,,,,,,,,,,,,,,,,,,,,,,,,,,,,,,,,,
CAL 1978,0,0,0,0,0,0,0,0,0,0.305241616,0.305241616,0.915724849,3.448343992,4.721228265,9.030765312,6.410220848,6.543840651,3.181372425,4.76927434,3.752521577,2.023180654,2.493544855,0.806102753,0.736552207,0.69141025,0.169090733,0,0.338181465,,,,,,,,,,,,,,,,,,,,,,,,,,,,,,,,,,,,,,,,,,,,,,,,,,,,,,,,,,,,,,,,,,,,,,,,,
CAL 1979,0,0,0,0,0,0,0,0,0,0,0.155612627,0.056725375,0.643488131,3.224722584,6.711710991,12.03788142,17.12941673,15.26927305,14.41373261,9.994650523,7.828461584,4.667345762,2.054331979,0.848382158,0.470829412,0.435337329,0.079620049,0.098189717,,,,,,,,,,,,,,,,,,,,,,,,,,,,,,,,,,,,,,,,,,,,,,,,,,,,,,,,,,,,,,,,,,,,,,,,,
CAL 1980,0,0,0,0,0,0,0,0,0.146439979,0.635154023,0.939907418,2.198174324,2.77959163,7.780827659,12.81395676,23.04626416,19.03157027,20.6215697,17.10980671,12.6469557,11.35104701,5.864059317,4.152451951,2.125512343,1.6022303,0.365211121,0.48912227,0.045011699,,,,,,,,,,,,,,,,,,,,,,,,,,,,,,,,,,,,,,,,,,,,,,,,,,,,,,,,,,,,,,,,,,,,,,,,,
CAL 1981,0,0,0,0,0,0,0,0,0,0,0.015855856,0.17129542,0.87063613,3.777073318,9.749565797,14.39532766,14.92485436,14.16537432,11.27411616,9.234810163,6.497240781,3.40615491,2.252398481,1.168944011,0.512850166,0.468196563,0.038440807,0.087756949,,,,,,,,,,,,,,,,,,,,,,,,,,,,,,,,,,,,,,,,,,,,,,,,,,,,,,,,,,,,,,,,,,,,,,,,,
CAL 1982,0,0,0,0,0,0,0,0,0,0,0.057225172,0.434460602,1.518906987,5.290952241,9.369692992,10.04380145,9.633147104,11.28094474,10.87967096,8.514207749,6.633585665,3.544012824,2.292358452,0.893664564,0.6980181,0.225609273,0.051521471,0,,,,,,,,,,,,,,,,,,,,,,,,,,,,,,,,,,,,,,,,,,,,,,,,,,,,,,,,,,,,,,,,,,,,,,,,,
CAL 1983,0,0,0,0,0.028573024,0.045582267,0.590041344,0.528717364,0.672225271,1.851864291,2.938358038,4.157887659,6.27497324,13.06937949,16.54208609,17.57569894,17.49069008,13.60533273,12.33829096,9.053365681,7.458203191,4.106368695,2.330569318,1.41635584,0.633553709,0.197848681,0.168856192,0.086548776,,,,,,,,,,,,,,,,,,,,,,,,,,,,,,,,,,,,,,,,,,,,,,,,,,,,,,,,,,,,,,,,,,,,,,,,,
CAL 1984,0,0,0,0,0,0,0,0,0.013292522,0,0.028688622,0.615071114,2.334851601,8.048407947,14.13512928,15.24973013,12.50503045,10.6767896,8.110543346,8.53303906,7.302689464,4.045993849,2.323962264,0.953943095,0.928230833,0.341691438,0.061976283,0.012174974,,,,,,,,,,,,,,,,,,,,,,,,,,,,,,,,,,,,,,,,,,,,,,,,,,,,,,,,,,,,,,,,,,,,,,,,,
CAL 1985,0,0,0,0,0,0,0,0.029318315,0,0.129434992,0.014388997,0.434878288,2.883293364,11.33305468,18.26457387,21.37308716,19.04174475,16.34878048,16.04895306,14.65155916,8.453181991,5.55769842,4.248748891,2.094893263,1.047128221,0.803554728,0.344081946,0.298092228,,,,,,,,,,,,,,,,,,,,,,,,,,,,,,,,,,,,,,,,,,,,,,,,,,,,,,,,,,,,,,,,,,,,,,,,,
CAL 1986,0,0,0,0,0,0.024636945,0.023768132,0.273694941,0.623546346,0.924568642,1.725731545,3.787740994,8.032252528,13.08802968,21.75654619,24.05569554,23.79229098,19.06237029,17.65897523,13.76803816,10.15958253,6.819938659,4.757053979,3.172444155,1.50350534,1.220425036,0.318242148,0.336702625,,,,,,,,,,,,,,,,,,,,,,,,,,,,,,,,,,,,,,,,,,,,,,,,,,,,,,,,,,,,,,,,,,,,,,,,,
CAL 1987,0,0,0,0,0,0,0,0,0.027181653,0.009837564,0.408483422,0.912333694,5.473137638,12.8544213,21.08646776,21.68338868,19.78141411,16.90003564,13.69112102,11.020005,6.384848208,6.02767038,2.672400737,2.235737253,1.971962924,0.619174184,0.587590358,0.158447216,,,,,,,,,,,,,,,,,,,,,,,,,,,,,,,,,,,,,,,,,,,,,,,,,,,,,,,,,,,,,,,,,,,,,,,,,
CAL 1988,0,0,0,0,0,0,0,0,0,0.062583929,0.285200484,1.65607831,5.121121512,12.43653601,19.96456276,23.15268078,20.39112225,16.01672319,12.3956016,10.74891556,6.648991901,5.952012363,3.372727254,1.835468688,1.348913357,0.689096645,0.289805009,0.456633073,,,,,,,,,,,,,,,,,,,,,,,,,,,,,,,,,,,,,,,,,,,,,,,,,,,,,,,,,,,,,,,,,,,,,,,,,
CAL 1989,0,0,0,0,0.014206181,0.134247906,0.265367437,1.055880932,1.868512145,2.768101909,4.130133507,5.952100487,10.85736849,16.9255493,26.05906746,25.97887592,25.97488496,19.66750578,15.82343577,10.97336569,7.110762414,5.402527792,1.848670225,1.840355735,1.068784294,0.728463671,0.162108367,0.266483589,,,,,,,,,,,,,,,,,,,,,,,,,,,,,,,,,,,,,,,,,,,,,,,,,,,,,,,,,,,,,,,,,,,,,,,,,
CAL 1990,0,0,0,0,0,0,0,0,0,0.055050384,0.191660999,1.534967595,5.615694976,13.50327189,17.6579769,24.90763913,22.0820907,16.3363615,15.34789888,14.69514211,8.008457931,6.26411608,2.325547799,0.819525804,0.80017728,1.832142657,0.232211841,0.670875546,,,,,,,,,,,,,,,,,,,,,,,,,,,,,,,,,,,,,,,,,,,,,,,,,,,,,,,,,,,,,,,,,,,,,,,,,
CAL 1991,0,0,0,0,0,0.046337742,0,0,0.038026355,0.086241791,0.54446718,1.59416817,5.428672343,11.82130561,18.36039718,18.37462692,19.51370476,18.39078733,15.19958298,11.61781118,9.020943345,5.453330621,3.534981318,2.513419993,1.67215674,0.612543908,0.392867005,0.542939783,,,,,,,,,,,,,,,,,,,,,,,,,,,,,,,,,,,,,,,,,,,,,,,,,,,,,,,,,,,,,,,,,,,,,,,,,
CAL 1992,0,0,0,0,0.006409271,0.056924404,0.122452325,0.729565043,2.041068353,4.000342489,4.456797435,5.790810233,9.853573317,17.06992902,27.04738725,31.47953252,26.94490472,21.54288658,14.96655881,11.96319341,8.048336826,5.849425853,4.707489059,1.725556876,1.966409544,0.463837875,0.310686161,0.320282828,,,,,,,,,,,,,,,,,,,,,,,,,,,,,,,,,,,,,,,,,,,,,,,,,,,,,,,,,,,,,,,,,,,,,,,,,
CAL 1993,0,0,0,0,0,0,0,0,0,0.006087136,0.264300364,1.622694277,4.575767913,10.07712264,20.26226104,22.68747932,19.50105688,19.20446504,14.91198518,13.73416176,8.423630435,4.505354548,3.709327291,2.171161964,2.034300061,1.012249594,0.24483516,0.095383889,,,,,,,,,,,,,,,,,,,,,,,,,,,,,,,,,,,,,,,,,,,,,,,,,,,,,,,,,,,,,,,,,,,,,,,,,
CAL 1994,0,0,0,0,0,0,0,0,0,0.0614579,0.550300707,1.885991773,4.872876355,11.92826649,18.64061893,22.30099663,15.32270964,14.81559054,11.29750804,9.386123103,7.654236929,3.542934247,2.878249284,1.43530417,0.786248238,0.112025493,0.112409429,0.194370529,,,,,,,,,,,,,,,,,,,,,,,,,,,,,,,,,,,,,,,,,,,,,,,,,,,,,,,,,,,,,,,,,,,,,,,,,
CAL 1995,0,0,0,0,0.011366385,0.054050229,0.342754958,1.028415775,1.687540506,3.289964097,4.929001246,9.569105542,15.50590646,21.56692265,25.76545498,25.29771291,20.36095322,13.2877484,10.9611213,9.046166386,5.255664493,3.98650517,2.1100392,0.650481679,1.295094921,0.405147097,0.025514244,0.144722484,,,,,,,,,,,,,,,,,,,,,,,,,,,,,,,,,,,,,,,,,,,,,,,,,,,,,,,,,,,,,,,,,,,,,,,,,
CAL 1996,0,0,0,0,0,0,0,0,0.072837107,0,0.280804214,1.647797798,6.218671589,13.27656193,23.12360394,24.23597738,21.59569353,15.91035884,11.92251139,10.54770807,6.113964899,4.365812016,2.869622251,1.687405366,1.078384153,0.549184446,0.089226619,0.362068227,,,,,,,,,,,,,,,,,,,,,,,,,,,,,,,,,,,,,,,,,,,,,,,,,,,,,,,,,,,,,,,,,,,,,,,,,
CAL 1997,0,0.003528442,0,0,0.03673502,0.036630891,0.142271224,0.424232052,0.868500255,1.592983027,2.952233004,5.099445129,7.646535525,14.82524095,25.33561625,26.97119691,23.0993872,22.96772507,17.22712597,12.97604347,8.522199256,4.887918006,2.857861867,1.384259587,1.389166088,0.275517124,0.171965014,0.270907582,,,,,,,,,,,,,,,,,,,,,,,,,,,,,,,,,,,,,,,,,,,,,,,,,,,,,,,,,,,,,,,,,,,,,,,,,
CAL 1998,0,0,0.003084882,0,0.014218194,0.081391643,0.242259584,0.950922662,1.924986743,3.261815754,6.531758009,10.1686304,13.44342153,21.45143299,31.63861448,31.46436365,34.20359081,28.12255453,22.92938866,16.49369561,11.32716525,6.402886179,3.293195485,2.100370154,2.010933848,1.217517553,0.407156087,0.25091595,,,,,,,,,,,,,,,,,,,,,,,,,,,,,,,,,,,,,,,,,,,,,,,,,,,,,,,,,,,,,,,,,,,,,,,,,
CAL 1999,0,0.002861942,0.02534599,0.036610875,0.017225164,0.105374848,0.261629272,0.665169416,1.716671785,2.894502669,4.015704262,8.201279986,12.46947164,21.5463051,28.37470294,33.20174259,29.21238349,26.40426925,21.54345009,16.61099366,11.90418342,6.915713913,3.93764751,1.821455722,1.039103034,0.889390892,0.207082867,0.154261423,,,,,,,,,,,,,,,,,,,,,,,,,,,,,,,,,,,,,,,,,,,,,,,,,,,,,,,,,,,,,,,,,,,,,,,,,
CAL 2000,0,0,0.025073888,0,0.003527331,0.130449239,0.308227108,0.652564808,1.455627216,1.991461835,3.584098742,5.67874034,9.830727185,17.34732398,27.78106541,29.74730603,26.71961516,23.05320115,19.26850525,18.16318568,13.10441195,6.070839305,3.481226395,1.616020011,1.615204172,0.779271156,0.283551741,0.167839944,,,,,,,,,,,,,,,,,,,,,,,,,,,,,,,,,,,,,,,,,,,,,,,,,,,,,,,,,,,,,,,,,,,,,,,,,
CAL 2001,0,0,0,0.004173168,0.021335553,0.15953419,1.184148574,3.12086481,5.526908069,7.493825913,9.019922726,9.274917485,14.75093715,20.15586063,27.84969282,32.14357733,29.28024638,26.25085965,25.67527854,19.75055617,14.1334827,7.114300229,5.028107615,1.82953184,2.08351368,1.373980205,0.408404834,0.375493197,,,,,,,,,,,,,,,,,,,,,,,,,,,,,,,,,,,,,,,,,,,,,,,,,,,,,,,,,,,,,,,,,,,,,,,,,
CAL 2002,0,0,0.010185893,0.005092947,0,0.010185893,0.035920584,0.31837323,0.678580885,1.206794422,2.355940708,3.092562903,5.931193861,13.01129803,17.57464031,26.1040829,27.68268152,25.30283398,19.04131637,13.83392645,11.72698015,6.189614126,2.766525178,1.883887465,1.872916558,0.421791359,0.188819376,0.338057912,,,,,,,,,,,,,,,,,,,,,,,,,,,,,,,,,,,,,,,,,,,,,,,,,,,,,,,,,,,,,,,,,,,,,,,,,
CAL 2003,0,0,0,0.006872914,0.016116601,0.021501054,0.070022989,0.248336255,0.665639697,1.435573092,2.457585664,3.460343744,5.393362233,11.83422839,19.81575273,25.26229535,27.02762386,25.60834268,17.18242744,11.85734879,9.943192843,5.083280049,3.427767848,1.813149794,1.324915728,0.686297732,0.172582031,0.077682552,,,,,,,,,,,,,,,,,,,,,,,,,,,,,,,,,,,,,,,,,,,,,,,,,,,,,,,,,,,,,,,,,,,,,,,,,
CAL 2004,0,0,0,0.009446451,0.040974246,0.33499122,1.381957111,2.921346091,4.279791901,4.803524231,6.288584218,7.799945616,10.90790956,14.91836529,23.41659087,27.31704117,28.67354153,23.07733198,17.87441391,15.910809,10.91948301,6.421523939,4.761044256,2.18144732,1.482537451,0.977796451,0.289259193,0.534567651,,,,,,,,,,,,,,,,,,,,,,,,,,,,,,,,,,,,,,,,,,,,,,,,,,,,,,,,,,,,,,,,,,,,,,,,,
CAL 2005,0,0,0,0.008280477,0.01553034,0.029128912,0.094837379,0.379338139,1.067516327,2.019476222,2.919418629,5.09755575,7.738284119,13.21783533,19.08886583,23.3392659,28.00363043,25.43497233,16.86046135,15.14164328,10.29319842,5.058642014,2.491653859,1.396289787,0.459947609,0.818777823,0.317945141,0.520343236,,,,,,,,,,,,,,,,,,,,,,,,,,,,,,,,,,,,,,,,,,,,,,,,,,,,,,,,,,,,,,,,,,,,,,,,,
CAL 2006,0,0,0,0,0.001668402,0.006850571,0.013041135,0.199512924,0.632991761,1.674232954,2.721065664,5.003454175,9.61129471,20.99445889,28.62384436,40.49893475,35.52939683,28.60213069,21.702215,15.78366301,11.87857059,5.382244103,3.876589677,2.978455859,1.742161328,0.768236075,0.300231645,0.187824356,,,,,,,,,,,,,,,,,,,,,,,,,,,,,,,,,,,,,,,,,,,,,,,,,,,,,,,,,,,,,,,,,,,,,,,,,
CAL 2007,0,0,0,0,0,0.00485549,0.072761606,0.265981419,0.681038772,1.022983469,2.609682267,4.096705127,7.938211724,12.32533909,20.23374968,22.18976564,24.3912265,20.9123134,19.3952965,14.41914137,9.044198591,6.145481194,3.437793305,2.244881635,0.694941446,0.683729586,0.289935288,0.326071758,,,,,,,,,,,,,,,,,,,,,,,,,,,,,,,,,,,,,,,,,,,,,,,,,,,,,,,,,,,,,,,,,,,,,,,,,
CAL 2008,0,0,0,0,0,0.006591351,0.108314705,0.196093268,0.381973359,0.981528719,1.294996805,2.933920218,7.111093186,14.46113803,20.29792188,25.97222726,24.2497847,20.46152783,16.90255693,12.52949512,8.978923601,5.901173397,3.620944395,2.024210992,0.826229683,0.394011872,0.3520863,0.285239298,,,,,,,,,,,,,,,,,,,,,,,,,,,,,,,,,,,,,,,,,,,,,,,,,,,,,,,,,,,,,,,,,,,,,,,,,
CAL 2009,0,0,0,0.002704664,0,0.004547152,0.046798166,0.141211457,0.22291839,1.291022411,2.356180231,2.685058653,6.708468885,12.75789761,22.1778876,28.49954733,29.05901915,25.70570194,21.21331272,14.51533603,10.79618186,6.862255724,4.143677063,1.937662777,0.713998392,0.267782359,0.338213609,0.842060239,,,,,,,,,,,,,,,,,,,,,,,,,,,,,,,,,,,,,,,,,,,,,,,,,,,,,,,,,,,,,,,,,,,,,,,,,
CAL 2010,0,0.001669464,0.001726938,0,0.003481665,0.014927707,0.072750757,0.206169391,0.92414691,1.067217037,1.544603006,2.96973439,6.032622358,12.43992525,19.87185664,25.51032769,26.56190706,26.78644597,20.33093686,18.83163888,11.27306853,7.607849626,4.53534749,3.34585736,1.997138022,0.981460669,0.504522646,0.148935666,,,,,,,,,,,,,,,,,,,,,,,,,,,,,,,,,,,,,,,,,,,,,,,,,,,,,,,,,,,,,,,,,,,,,,,,,
MPrec,NA,,,,,,,,,,,,,,,,,,,,,,,,,,,,,,,,,,,,,,,,,,,,,,,,,,,,,,,,,,,,,,,,,,,,,,,,,,,,,,,,,,,,,,,,,,,,,,,,,,,,
LHYear,2010,,,,,,,,,,,,,,,,,,,,,,,,,,,,,,,,,,,,,,,,,,,,,,,,,,,,,,,,,,,,,,,,,,,,,,,,,,,,,,,,,,,,,,,,,,,,,,,,,,,,
